route,cohort,profile,selected_for_route,known_truth_functions,known_truth_recovered,known_truth_recovery_pct,known_truth_hashable,known_truth_hashable_pct,known_truth_gained_vs_default,known_truth_lost_vs_default,known_hashable_gained_vs_default,known_hashable_lost_vs_default,wrong_library_results,wrong_library_change_vs_default,confirmation_reference_starts,confirmation_starts_recovered,confirmation_recovery_pct,confirmation_starts_gained_vs_default,confirmation_starts_lost_vs_default,all_candidate_starts,candidate_starts_added_vs_default,added_starts_confirmed_by_reference,added_start_reference_confirmation_pct,macro_known_truth_recovery_pct,macro_confirmation_recovery_pct,wall_seconds
macos-arm64,training,default,True,2233,1983,88.8043,1599,71.6077,0,0,0,0,0,0,2997,2621,87.4541,0,0,2621,0,0,,85.4329,74.0073,32.81
macos-arm64,validation,default,True,588,463,78.7415,396,67.3469,0,0,0,0,0,0,625,498,79.68,0,0,499,0,0,,78.0603,79.1916,32.81
macos-arm64,all,default,True,2821,2446,86.7068,1995,70.7196,0,0,0,0,0,0,3622,3119,86.1126,0,0,3120,0,0,,82.9754,75.7354,32.81
macos-arm64,training,maximal-built-in,False,2233,1983,88.8043,1599,71.6077,0,0,0,0,0,0,2997,2621,87.4541,0,0,2621,0,0,,85.4329,74.0073,34.691
macos-arm64,validation,maximal-built-in,False,588,463,78.7415,396,67.3469,0,0,0,0,0,0,625,498,79.68,0,0,499,0,0,,78.0603,79.1916,34.691
macos-arm64,all,maximal-built-in,False,2821,2446,86.7068,1995,70.7196,0,0,0,0,0,0,3622,3119,86.1126,0,0,3120,0,0,,82.9754,75.7354,34.691
macos-arm64,training,shared-return-permissive,False,2233,1983,88.8043,1599,71.6077,0,0,0,0,0,0,2997,2621,87.4541,0,0,2621,0,0,,85.4329,74.0073,34.408
macos-arm64,validation,shared-return-permissive,False,588,463,78.7415,396,67.3469,0,0,0,0,0,0,625,498,79.68,0,0,499,0,0,,78.0603,79.1916,34.408
macos-arm64,all,shared-return-permissive,False,2821,2446,86.7068,1995,70.7196,0,0,0,0,0,0,3622,3119,86.1126,0,0,3120,0,0,,82.9754,75.7354,34.408
macos-arm64,training,call-target-recovery,False,2233,1983,88.8043,1599,71.6077,0,0,0,0,0,0,2997,2621,87.4541,0,0,2621,0,0,,85.4329,74.0073,33.983
macos-arm64,validation,call-target-recovery,False,588,463,78.7415,396,67.3469,0,0,0,0,0,0,625,498,79.68,0,0,499,0,0,,78.0603,79.1916,33.983
macos-arm64,all,call-target-recovery,False,2821,2446,86.7068,1995,70.7196,0,0,0,0,0,0,3622,3119,86.1126,0,0,3120,0,0,,82.9754,75.7354,33.983
macos-arm64,training,isolated-entry-recovery,False,2233,1983,88.8043,1599,71.6077,0,0,0,0,0,0,2997,2621,87.4541,0,0,2622,1,0,0.0,85.4329,74.0073,39.332
macos-arm64,validation,isolated-entry-recovery,False,588,463,78.7415,396,67.3469,0,0,0,0,0,0,625,498,79.68,0,0,499,0,0,,78.0603,79.1916,39.332
macos-arm64,all,isolated-entry-recovery,False,2821,2446,86.7068,1995,70.7196,0,0,0,0,0,0,3622,3119,86.1126,0,0,3121,1,0,0.0,82.9754,75.7354,39.332
macos-arm64,training,maximal-plus-isolated,False,2233,1983,88.8043,1599,71.6077,0,0,0,0,0,0,2997,2621,87.4541,0,0,2632,11,0,0.0,85.4329,74.0073,34.238
macos-arm64,validation,maximal-plus-isolated,False,588,463,78.7415,396,67.3469,0,0,0,0,0,0,625,498,79.68,0,0,499,0,0,,78.0603,79.1916,34.238
macos-arm64,all,maximal-plus-isolated,False,2821,2446,86.7068,1995,70.7196,0,0,0,0,0,0,3622,3119,86.1126,0,0,3131,11,0,0.0,82.9754,75.7354,34.238
arm32-elf,training,default,False,15605,9363,60.0,9363,60.0,0,0,0,0,0,0,16718,10197,60.9941,0,0,10281,0,0,,51.2937,68.4817,101.042
arm32-elf,validation,default,False,427,231,54.0984,231,54.0984,0,0,0,0,0,0,673,414,61.5156,0,0,416,0,0,,58.1364,63.9156,101.042
arm32-elf,all,default,False,16032,9594,59.8428,9594,59.8428,0,0,0,0,0,0,17391,10611,61.0143,0,0,10697,0,0,,53.5746,66.9597,101.042
arm32-elf,training,maximal-built-in,False,15605,10728,68.7472,10728,68.7472,1365,0,1365,0,0,0,16718,11583,69.2846,1386,0,11667,1386,1386,100.0,56.4986,73.2218,141.581
arm32-elf,validation,maximal-built-in,False,427,236,55.2693,236,55.2693,5,0,5,0,0,0,673,419,62.2585,5,0,421,5,5,100.0,59.8433,64.8843,141.581
arm32-elf,all,maximal-built-in,False,16032,10964,68.3882,10964,68.3882,1370,0,1370,0,0,0,17391,12002,69.0127,1391,0,12088,1391,1391,100.0,57.6135,70.4426,141.581
arm32-elf,training,shared-return-permissive,False,15605,9363,60.0,9363,60.0,0,0,0,0,0,0,16718,10197,60.9941,0,0,10281,0,0,,51.2937,68.4817,98.756
arm32-elf,validation,shared-return-permissive,False,427,231,54.0984,231,54.0984,0,0,0,0,0,0,673,414,61.5156,0,0,416,0,0,,58.1364,63.9156,98.756
arm32-elf,all,shared-return-permissive,False,16032,9594,59.8428,9594,59.8428,0,0,0,0,0,0,17391,10611,61.0143,0,0,10697,0,0,,53.5746,66.9597,98.756
arm32-elf,training,call-target-recovery,False,15605,9363,60.0,9363,60.0,0,0,0,0,0,0,16718,10197,60.9941,0,0,10281,0,0,,51.2937,68.4817,99.382
arm32-elf,validation,call-target-recovery,False,427,231,54.0984,231,54.0984,0,0,0,0,0,0,673,414,61.5156,0,0,416,0,0,,58.1364,63.9156,99.382
arm32-elf,all,call-target-recovery,False,16032,9594,59.8428,9594,59.8428,0,0,0,0,0,0,17391,10611,61.0143,0,0,10697,0,0,,53.5746,66.9597,99.382
arm32-elf,training,isolated-entry-recovery,False,15605,10163,65.1266,10163,65.1266,800,0,800,0,0,0,16718,11035,66.0067,838,0,11149,868,838,96.5438,52.9374,72.4255,94.23
arm32-elf,validation,isolated-entry-recovery,False,427,309,72.3653,309,72.3653,78,0,78,0,0,0,673,505,75.0371,91,0,510,94,91,96.8085,71.2678,74.6792,94.23
arm32-elf,all,isolated-entry-recovery,False,16032,10472,65.3194,10472,65.3194,878,0,878,0,0,0,17391,11540,66.3562,929,0,11659,962,929,96.5696,59.0475,73.1767,94.23
arm32-elf,training,maximal-plus-isolated,True,15605,14885,95.3861,14885,95.3861,5522,0,5522,0,0,0,16718,15821,94.6345,5624,0,16012,5731,5624,98.133,90.8359,85.8462,128.067
arm32-elf,validation,maximal-plus-isolated,True,427,328,76.815,328,76.815,97,0,97,0,0,0,673,528,78.4547,114,0,537,121,114,94.2149,77.4942,78.8953,128.067
arm32-elf,all,maximal-plus-isolated,True,16032,15213,94.8915,15213,94.8915,5619,0,5619,0,0,0,17391,16349,94.0084,5738,0,16549,5852,5738,98.0519,86.3887,83.5292,128.067
windows-x86-64,training,default,False,10810,10000,92.5069,9321,86.2257,0,0,0,0,0,0,11135,10325,92.7256,0,0,10325,0,0,,98.1245,98.1386,83.884
windows-x86-64,validation,default,False,119,90,75.6303,84,70.5882,0,0,0,0,0,0,267,238,89.1386,0,0,238,0,0,,82.9308,91.0712,83.884
windows-x86-64,all,default,False,10929,10090,92.3232,9405,86.0554,0,0,0,0,0,0,11402,10563,92.6416,0,0,10563,0,0,,93.0599,95.7828,83.884
windows-x86-64,training,maximal-built-in,False,10810,10000,92.5069,9321,86.2257,0,0,0,0,0,0,11135,10325,92.7256,0,0,10325,0,0,,98.1245,98.1386,91.794
windows-x86-64,validation,maximal-built-in,False,119,90,75.6303,84,70.5882,0,0,0,0,0,0,267,238,89.1386,0,0,238,0,0,,82.9308,91.0712,91.794
windows-x86-64,all,maximal-built-in,False,10929,10090,92.3232,9405,86.0554,0,0,0,0,0,0,11402,10563,92.6416,0,0,10563,0,0,,93.0599,95.7828,91.794
windows-x86-64,training,shared-return-permissive,False,10810,9978,92.3034,9309,86.1147,0,22,0,12,0,0,11135,10299,92.4921,0,26,10299,0,0,,98.0735,97.1875,82.995
windows-x86-64,validation,shared-return-permissive,False,119,89,74.7899,83,69.7479,0,1,0,1,0,0,267,235,88.015,0,3,235,0,0,,81.0789,89.7799,82.995
windows-x86-64,all,shared-return-permissive,False,10929,10067,92.1127,9392,85.9365,0,23,0,13,0,0,11402,10534,92.3873,0,29,10534,0,0,,92.4087,94.7183,82.995
windows-x86-64,training,call-target-recovery,False,10810,10000,92.5069,9321,86.2257,0,0,0,0,0,0,11135,10325,92.7256,0,0,10325,0,0,,98.1245,98.1386,79.924
windows-x86-64,validation,call-target-recovery,False,119,90,75.6303,84,70.5882,0,0,0,0,0,0,267,238,89.1386,0,0,238,0,0,,82.9308,91.0712,79.924
windows-x86-64,all,call-target-recovery,False,10929,10090,92.3232,9405,86.0554,0,0,0,0,0,0,11402,10563,92.6416,0,0,10563,0,0,,93.0599,95.7828,79.924
windows-x86-64,training,isolated-entry-recovery,True,10810,10513,97.2525,9435,87.2803,513,0,114,0,0,0,11135,10838,97.3327,513,0,10851,526,513,97.5285,99.3123,99.3175,85.088
windows-x86-64,validation,isolated-entry-recovery,True,119,118,99.1597,111,93.2773,28,0,27,0,0,0,267,266,99.6255,28,0,270,32,28,87.5,98.1482,99.505,85.088
windows-x86-64,all,isolated-entry-recovery,True,10929,10631,97.2733,9546,87.3456,541,0,141,0,0,0,11402,11104,97.3864,541,0,11121,558,541,96.9534,98.9242,99.38,85.088
windows-x86-64,training,maximal-plus-isolated,False,10810,10513,97.2525,9435,87.2803,513,0,114,0,0,0,11135,10838,97.3327,513,0,10856,531,513,96.6102,99.3123,99.3175,84.329
windows-x86-64,validation,maximal-plus-isolated,False,119,118,99.1597,111,93.2773,28,0,27,0,0,0,267,266,99.6255,28,0,270,32,28,87.5,98.1482,99.505,84.329
windows-x86-64,all,maximal-plus-isolated,False,10929,10631,97.2733,9546,87.3456,541,0,141,0,0,0,11402,11104,97.3864,541,0,11126,563,541,96.0924,98.9242,99.38,84.329
