route,treatment,factor,comparison,hash_truth_pairs,discovery_retained_n,discovery_retained_rate,comparable_pairs,full_hash_same_n,full_hash_same_rate,specific_hash_same_n,specific_hash_same_rate,fid_truth_functions,baseline_fid_correct_n,baseline_fid_correct_rate,expanded_fid_correct_n,expanded_fid_correct_rate,ambiguous_n,wrong_library_n,expansion_tested,matrix_action
macOS ARM64,address_sanitizer,AddressSanitizer,off to on,14871,2260,0.15197363997041222,1878,136,0.0724174653887114,76,0.04046858359957402,14783,55,0.003720489751741866,1523,0.10302374348914294,12,1,True,Do not admit unguarded; wrong label observed
macOS ARM64,analysis_repeat,Analysis repeat,"same bytes, fresh Ghidra project",5642,4892,0.8670684154555123,3990,3990,1.0,3990,1.0,5898,3010,0.510342488979315,3192,0.5412004069175992,0,0,True,Control: lock the analysis settings
macOS ARM64,compiler_clang_22,Compiler version,Apple Clang 21 to Clang 22,2849,2265,0.795015795015795,1883,1552,0.8242166755177908,862,0.45778013807753587,2743,1166,0.4250820269777616,1496,0.5453882610280715,0,0,True,Add compiler-version candidate
macOS ARM64,dead_strip,Dead-code elimination,linker dead strip off to on,2821,0,0.0,0,0,,0,,0,0,,0,,0,0,True,Redesign truth; no attributable pair
macOS ARM64,debug_off,Debug information,-g to -g0,2821,2446,0.8670684154555123,1994,1993,0.9994984954864594,1984,0.9949849548645938,2949,1504,0.5100033909799933,1596,0.5412004069175992,0,0,True,No extra reference on this route
macOS ARM64,identical_rebuild,Build repeat,same inputs and flags,5642,4892,0.8670684154555123,3990,3990,1.0,3990,1.0,5898,3010,0.510342488979315,3192,0.5412004069175992,0,0,True,Control: no extra reference
macOS ARM64,lto,Link-time optimisation,off to on,2821,0,0.0,0,0,,0,,0,0,,0,,0,0,True,Redesign truth; no attributable pair
macOS ARM64,omit_frame_pointer,Frame pointer,kept to omitted,4305,2446,0.5681765389082463,1995,632,0.3167919799498747,503,0.2521303258145363,4433,253,0.05707196029776675,1501,0.33859688698398377,0,0,True,Add frame-pointer candidate
macOS ARM64,optimisation_o0,Optimisation,O2 to O0,3656,2265,0.6195295404814004,1883,119,0.06319702602230483,119,0.06319702602230483,3400,98,0.028823529411764706,2653,0.7802941176470588,0,0,True,Add optimisation candidate
macOS ARM64,optimisation_o1,Optimisation,O2 to O1,2887,2437,0.8441288534811223,1980,1068,0.5393939393939394,610,0.30808080808080807,2831,733,0.25891910985517486,1576,0.5566937477922995,0,0,True,Add optimisation candidate
macOS ARM64,optimisation_o3,Optimisation,O2 to O3,2839,2439,0.8591053187742163,1987,1168,0.587820835430297,774,0.3895319577252139,2947,706,0.23956565999321344,1552,0.5266372582287071,0,0,True,Add optimisation candidate
macOS ARM64,optimisation_os,Optimisation,O2 to Os,2915,2397,0.8222984562607204,1950,1035,0.5307692307692308,670,0.3435897435897436,2866,618,0.21563154221912073,1570,0.5478018143754362,0,0,True,Add optimisation candidate
macOS ARM64,optimisation_oz,Optimisation,O2 to Oz,4695,2291,0.4879659211927583,1831,359,0.19606772255598034,313,0.1709448388858547,4522,151,0.033392304290137106,2076,0.4590888987173817,0,0,True,Add optimisation candidate
macOS ARM64,pac_bti,PAC / BTI,off to standard,4305,2398,0.5570267131242741,1955,7,0.0035805626598465474,4,0.0020460358056265983,4385,0,0.0,1515,0.34549600912200684,1,0,True,Guarded candidate; one ambiguity
macOS ARM64,pic_off,Position-independent code,PIC on to off,2821,2446,0.8670684154555123,1995,1995,1.0,1995,1.0,2949,1505,0.510342488979315,1596,0.5412004069175992,0,0,True,No extra reference on this route
macOS ARM64,post_link_strip,Symbol stripping,unstripped to stripped,2821,2446,0.8670684154555123,1995,1994,0.9994987468671679,1992,0.9984962406015038,2949,1504,0.5100033909799933,1595,0.5408613089182773,0,0,True,No extra reference on this route
macOS ARM64,stack_protector_strong,Stack protection,off to strong,2821,2446,0.8670684154555123,1995,1699,0.8516290726817043,926,0.4641604010025063,2949,1230,0.4170905391658189,1594,0.5405222109189556,0,0,True,Add hardening candidate
macOS ARM64,target_cpu_apple_m1,CPU target,generic ARM64 to Apple M1,2821,2446,0.8670684154555123,1995,1995,1.0,1995,1.0,2949,1505,0.510342488979315,1596,0.5412004069175992,0,0,True,No extra reference on this route
ARM32 ELF,analysis_repeat,Analysis repeat,"same bytes, fresh Ghidra project",32072,32064,0.9997505612372163,32064,32064,1.0,32064,1.0,32072,28082,0.8755924170616114,28532,0.8896233474681966,0,0,True,Control: lock the analysis settings
ARM32 ELF,debug_off,Debug information,debug on to off,16036,16032,0.9997505612372163,16032,16032,1.0,16022,0.99937624750499,16036,14041,0.8755924170616114,14266,0.8896233474681966,0,0,True,No extra reference on this route
ARM32 ELF,identical_rebuild,Build repeat,same inputs and flags,32072,32064,0.9997505612372163,32064,32064,1.0,32064,1.0,32072,28082,0.8755924170616114,28532,0.8896233474681966,0,0,True,Control: no extra reference
ARM32 ELF,lto,Link-time optimisation,off to on,16036,0,0.0,0,0,,0,,16036,0,0.0,0,0.0,0,0,True,Redesign truth; no attributable pair
ARM32 ELF,omit_frame_pointer,Frame pointer,kept to omitted,16036,16032,0.9997505612372163,12222,1,8.181966944853542e-05,0,0.0,16036,1,6.235969069593415e-05,11348,0.7076577700174607,0,0,True,Add frame-pointer candidate
ARM32 ELF,optimisation_o0,Optimisation,O2 to O0,22633,15814,0.6987142667785976,15814,143,0.009042620462880992,143,0.009042620462880992,22633,127,0.005611275571068794,21180,0.9358017054743074,176,0,True,Add optimisation candidate
ARM32 ELF,optimisation_o3,Optimisation,O2 to O3,16098,15576,0.9675736116287738,15576,12529,0.8043785310734464,7439,0.47759373394966614,16098,9812,0.6095167101503293,13744,0.8537706547397192,0,0,True,Add optimisation candidate
ARM32 ELF,post_link_strip,Symbol stripping,unstripped to stripped,16036,9594,0.5982788725367922,9594,9363,0.9759224515322076,9345,0.9740462789243277,16036,9262,0.577575455225742,9272,0.5781990521327014,0,0,True,Inspect discovery loss; signatures do not fix it
ARM32 ELF,stack_protector,Stack protection,off to strong,16036,16032,0.9997505612372163,16032,13817,0.8618388223552894,8203,0.5116641716566867,16036,10953,0.6830256921925667,14255,0.8889373908705412,0,0,True,Add hardening candidate
Windows x86-64,analysis_repeat,Analysis repeat,"same bytes, fresh Ghidra project",21858,20180,0.9232317686888096,18810,18810,1.0,18810,1.0,21858,10468,0.4789093238173666,10468,0.4789093238173666,0,0,True,Control: lock the analysis settings
Windows x86-64,compiler_version_contrast,Compiler version,MSVC 14.37 to 14.36,10930,10084,0.9225983531564501,9399,8736,0.9294605809128631,8736,0.9294605809128631,10930,4712,0.4311070448307411,5229,0.47840805123513264,0,0,True,Add compiler-version candidate
Windows x86-64,debug_off,Debug information,debug on to off,10929,10090,0.9232317686888096,9405,9405,1.0,9405,1.0,10929,5234,0.4789093238173666,5234,0.4789093238173666,0,0,True,No extra reference on this route
Windows x86-64,identical_rebuild,Build repeat,same inputs and flags,21858,20180,0.9232317686888096,18810,18810,1.0,18810,1.0,21858,10468,0.4789093238173666,10468,0.4789093238173666,0,0,True,Control: no extra reference
Windows x86-64,lto,Link-time optimisation,off to on,11308,7386,0.6531659002476123,7375,1406,0.19064406779661017,1404,0.1903728813559322,11308,577,0.051025822426600635,580,0.05129112133003184,0,0,True,Retest admission; variant recovered little
Windows x86-64,optimisation_o0,Optimisation,O2 to O0,14882,10084,0.6775970971643597,9405,10,0.001063264221158958,10,0.001063264221158958,14882,7,0.00047036688617121356,9021,0.6061685257357882,0,0,True,Add optimisation candidate
Windows x86-64,post_link_strip,Symbol stripping,unstripped to stripped,10929,10090,0.9232317686888096,9405,9405,1.0,9405,1.0,10929,5234,0.4789093238173666,5234,0.4789093238173666,0,0,True,No extra reference on this route
Windows x86-64,stack_protector,Stack protection,off to strong,10950,10086,0.9210958904109589,9401,8442,0.8979895755770663,8442,0.8979895755770663,10950,4649,0.4245662100456621,5245,0.47899543378995435,0,0,True,Add hardening candidate
ARM32 ELF,isolated_compiler_clang_22,Compiler family,GCC 14.2 to Clang 22,16353,15583,0.9529138384394301,15532,0,0.0,0,0.0,16353,0,0.0,,,0,0,False,Add compiler-family candidate
ARM32 ELF,isolated_target_cpu_cortex_a7,CPU target,generic ARMv7 to Cortex-A7,16036,16032,0.9997505612372163,16032,1785,0.11133982035928144,1745,0.10884481037924151,16036,749,0.046707408331254675,,,0,0,False,Add CPU-target candidate
macOS ARM64,interaction_x01,Compiler x optimisation,Clang 21/O2 to Clang 22/O0,3625,2265,0.6248275862068966,1883,85,0.04514073287307488,65,0.03451938396176314,3356,72,0.021454112038140644,2636,0.7854588796185935,0,0,True,Optional interaction; single factors recover 78.55%
